.idea
mysite/__pycache__
solidify/__pycache__
mysite/__pycache__/settings.cpython-312.pyc
mysite/__pycache__/urls.cpython-312.pyc
solidify/views/__pycache__/ong_view.cpython-312.pyc
solidify/views/__pycache__/solidify_view.cpython-312.pyc
solidify/views/__pycache__/voluntario_view.cpython-312.pyc
solidify/__pycache__/__init__.cpython-312.pyc
solidify/__pycache__/admin.cpython-312.pyc
solidify/__pycache__/apps.cpython-312.pyc
solidify/__pycache__/models.cpython-312.pyc
solidify/__pycache__/urls.cpython-312.pyc
solidify/migrations/__pycache__/__init__.cpython-312.pyc
solidify/migrations/__pycache__/0001_initial.cpython-312.pyc
solidify/migrations/__pycache__/0002_voluntario_usuario_tipo.cpython-312.pyc
solidify/migrations/__pycache__/0003_alter_administrador_privilegio_alter_usuario_tipo.cpython-312.pyc
solidify/migrations/__pycache__/0004_voluntario_data_nasc.cpython-312.pyc
solidify/migrations/__pycache__/0005_evento_voluntarios_evento.cpython-312.pyc
solidify/migrations/__pycache__/0006_rename_nr_voluntario_evento_nr_voluntarios.cpython-312.pyc
solidify/migrations/__pycache__/0007_alter_voluntarios_evento_nome.cpython-312.pyc
solidify/migrations/__pycache__/0008_rename_score_voluntario_score.cpython-312.pyc
solidify/migrations/__pycache__/0009_alter_ong_cnpj.cpython-312.pyc
solidify/migrations/__pycache__/0010_voluntarios_evento_cpf_voluntario.cpython-312.pyc
solidify/migrations/__pycache__/0011_alter_voluntarios_evento_cpf_voluntario.cpython-312.pyc
solidify/migrations/__pycache__/0012_alter_voluntarios_evento_unique_together.cpython-312.pyc
solidify/migrations/__pycache__/0013_evento_ong_nome.cpython-312.pyc
solidify/migrations/__pycache__/0014_evento_nr_ocupados.cpython-312.pyc
solidify/migrations/__pycache__/0015_alter_evento_nr_ocupados.cpython-312.pyc
solidify/views/__pycache__/__init__.cpython-312.pyc
solidify/views/__pycache__/ong_view.cpython-312.pyc
solidify/views/__pycache__/solidify_view.cpython-312.pyc
solidify/views/__pycache__/voluntario_view.cpython-312.pyc
solidify/__pycache__/__init__.cpython-312.pyc
solidify/__pycache__/admin.cpython-312.pyc
solidify/__pycache__/apps.cpython-312.pyc
solidify/__pycache__/models.cpython-312.pyc
solidify/__pycache__/urls.cpython-312.pyc
solidify/migrations/__pycache__/__init__.cpython-312.pyc
solidify/migrations/__pycache__/0001_initial.cpython-312.pyc
solidify/__pycache__/__init__.cpython-312.pyc
solidify/__pycache__/admin.cpython-312.pyc
solidify/__pycache__/apps.cpython-312.pyc
solidify/__pycache__/models.cpython-312.pyc
solidify/__pycache__/urls.cpython-312.pyc
solidify/migrations/__pycache__/__init__.cpython-312.pyc
solidify/migrations/__pycache__/0001_initial.cpython-312.pyc
solidify/__pycache__/__init__.cpython-312.pyc
solidify/__pycache__/admin.cpython-312.pyc
solidify/__pycache__/apps.cpython-312.pyc
solidify/__pycache__/models.cpython-312.pyc
solidify/__pycache__/urls.cpython-312.pyc
solidify/migrations/__pycache__/__init__.cpython-312.pyc
solidify/migrations/__pycache__/0001_initial.cpython-312.pyc
solidify/views/__pycache__/__init__.cpython-312.pyc
solidify/views/__pycache__/ong_view.cpython-312.pyc
solidify/views/__pycache__/solidify_view.cpython-312.pyc
solidify/views/__pycache__/voluntario_view.cpython-312.pyc
